{
  "project": "HO Union Pacific #80 Coal Turbine",
  "version": "v1.0.0",
  "generated_utc": "2026-04-25T17:48:02Z",
  "scale": 87.1,
  "target_overall_length_mm": 790.870264064294,
  "unit_count": 3,
  "chassis_count": 3,
  "mesh_bounds_mm": {
    "a_control_shell_resin": {
      "min": [
        -110.4,
        -19.525,
        0.0
      ],
      "max": [
        109.0,
        19.525,
        43.05
      ],
      "size": [
        219.4,
        39.05,
        43.05
      ]
    },
    "a_control_chassis_resin": {
      "min": [
        -105.0,
        -17.775000000000002,
        -0.6658174442774687
      ],
      "max": [
        104.99999999999999,
        17.775000000000002,
        7.3999999999999995
      ],
      "size": [
        210.0,
        35.550000000000004,
        8.065817444277467
      ]
    },
    "center_turbine_shell_resin": {
      "min": [
        -170.0,
        -20.4,
        0.0
      ],
      "max": [
        170.0,
        20.4,
        48.8
      ],
      "size": [
        340.0,
        40.8,
        48.8
      ]
    },
    "center_turbine_chassis_resin": {
      "min": [
        -166.0,
        -18.275000000000002,
        -0.6658174442774687
      ],
      "max": [
        165.99999999999997,
        18.275000000000002,
        7.3999999999999995
      ],
      "size": [
        332.0,
        36.550000000000004,
        8.065817444277467
      ]
    },
    "coal_tender_shell_resin": {
      "min": [
        -100.0,
        -19.575,
        0.0
      ],
      "max": [
        100.94999999999999,
        19.575,
        47.0
      ],
      "size": [
        200.95,
        39.15,
        47.0
      ]
    },
    "coal_tender_chassis_resin": {
      "min": [
        -97.0,
        -17.525000000000002,
        -0.6658174442774687
      ],
      "max": [
        97.0,
        17.525000000000002,
        7.2
      ],
      "size": [
        194.0,
        35.050000000000004,
        7.865817444277469
      ]
    },
    "up80_detail_sprue_resin": {
      "min": [
        -90.0,
        -35.5,
        0.0
      ],
      "max": [
        90.0,
        38.5,
        14.5
      ],
      "size": [
        180.0,
        74.0,
        14.5
      ]
    },
    "a_control_shell_fdm": {
      "min": [
        -110.4,
        -19.525,
        0.0
      ],
      "max": [
        109.0,
        19.525,
        43.05
      ],
      "size": [
        219.4,
        39.05,
        43.05
      ]
    },
    "a_control_chassis_fdm": {
      "min": [
        -105.0,
        -17.775000000000002,
        -0.6658174442774687
      ],
      "max": [
        105.0,
        17.775000000000002,
        8.200000000000001
      ],
      "size": [
        210.0,
        35.550000000000004,
        8.86581744427747
      ]
    },
    "center_turbine_shell_fdm": {
      "min": [
        -170.0,
        -20.4,
        0.0
      ],
      "max": [
        170.0,
        20.4,
        48.8
      ],
      "size": [
        340.0,
        40.8,
        48.8
      ]
    },
    "center_turbine_chassis_fdm": {
      "min": [
        -166.0,
        -18.275000000000002,
        -0.6658174442774687
      ],
      "max": [
        166.0,
        18.275000000000002,
        8.200000000000001
      ],
      "size": [
        332.0,
        36.550000000000004,
        8.86581744427747
      ]
    },
    "coal_tender_shell_fdm": {
      "min": [
        -100.0,
        -19.575,
        0.0
      ],
      "max": [
        100.94999999999999,
        19.575,
        47.0
      ],
      "size": [
        200.95,
        39.15,
        47.0
      ]
    },
    "coal_tender_chassis_fdm": {
      "min": [
        -97.0,
        -17.525000000000002,
        -0.6658174442774687
      ],
      "max": [
        97.0,
        17.525000000000002,
        8.0
      ],
      "size": [
        194.0,
        35.050000000000004,
        8.665817444277469
      ]
    },
    "up80_detail_sprue_fdm": {
      "min": [
        -90.0,
        -35.5,
        0.0
      ],
      "max": [
        90.0,
        38.5,
        14.5
      ],
      "size": [
        180.0,
        74.0,
        14.5
      ]
    },
    "up80_test_coupons": {
      "min": [
        -59.0,
        -21.0,
        -2.0250000000000004
      ],
      "max": [
        59.0,
        28.25,
        10.0
      ],
      "size": [
        118.0,
        49.25,
        12.025
      ]
    }
  },
  "files": [
    {
      "path": "docs/BOM.md",
      "size_bytes": 1597,
      "sha256": "49e2b4d743956040762b67798c1ce26e428a51be2b02d54ae8013cf0171f46b3"
    },
    {
      "path": "docs/BUILD_GUIDE.md",
      "size_bytes": 1068,
      "sha256": "1c5b3973b1d08f9d207162a9024aa3a8f3b0b04313fad4e13d9ba813358078eb"
    },
    {
      "path": "docs/PAINT_AND_DECAL_PLAN.md",
      "size_bytes": 1115,
      "sha256": "1370565375aa90ba0996ca1efabc83cc288996600f8d81a3323ecb7cfd9ca53f"
    },
    {
      "path": "docs/RESEARCH_NOTES.md",
      "size_bytes": 1485,
      "sha256": "64b7d13ab322ccd46fc629da818187ea4dffcfea34d6931d236f9f64c8c91de5"
    },
    {
      "path": "exports/3mf/a_control_fdm_print_set.3mf",
      "size_bytes": 56758,
      "sha256": "05c827bb78c44d3cc6a4e910db30a9fa08f752101c09c60df077b6099cfae122"
    },
    {
      "path": "exports/3mf/center_turbine_fdm_print_set.3mf",
      "size_bytes": 90723,
      "sha256": "b62f3e236e1ebe41e8ccb9b07b1fbeed585e9899ae9be5847353d0db1ff7ce80"
    },
    {
      "path": "exports/3mf/coal_tender_fdm_print_set.3mf",
      "size_bytes": 60276,
      "sha256": "0b550d31c1bb84e2762db1a4683f409c02d977ac0b40fbe3217ac4251a41f885"
    },
    {
      "path": "exports/dxf/up80_chassis_plates.dxf",
      "size_bytes": 2195,
      "sha256": "7920aa21c7cda929dfafe1ad3f4f4626ab9caa082d9ae161a0f67ab0226c411d"
    },
    {
      "path": "exports/step/a_control_chassis_faceted.step",
      "size_bytes": 4006392,
      "sha256": "b04c05f35a93472483db7b33b9385d3a24a318d7fdee0bdfb6a585cfe18e93eb"
    },
    {
      "path": "exports/step/center_turbine_chassis_faceted.step",
      "size_bytes": 6739584,
      "sha256": "92689f892d2f34ee823c9eb2c0561c9573fa6b66b8df787f654325aced8b7c22"
    },
    {
      "path": "exports/step/coal_tender_chassis_faceted.step",
      "size_bytes": 4541000,
      "sha256": "6baa09367ffc51b5e077c26ce7520c05f43bdb402c27e7a17267c354d2b62c35"
    },
    {
      "path": "exports/stl/fdm/a_control_chassis_fdm.stl",
      "size_bytes": 1142615,
      "sha256": "0ed59d755e7031965bbc14e601b6c0e566e9a46400eb6c03c928698995f858ac"
    },
    {
      "path": "exports/stl/fdm/a_control_shell_fdm.stl",
      "size_bytes": 334406,
      "sha256": "31e92c32cef04edfa60b6c911391ecf656583afbf252cdc9ed322488714858c7"
    },
    {
      "path": "exports/stl/fdm/center_turbine_chassis_fdm.stl",
      "size_bytes": 2029007,
      "sha256": "7e111f869b478f3946899251269ef79e58a42ccc4d0780e13298d51dc14af65c"
    },
    {
      "path": "exports/stl/fdm/center_turbine_shell_fdm.stl",
      "size_bytes": 446869,
      "sha256": "49d2debaf209d0ff1007521c359f63cbb90cb9518c9fb8c80fe54a1cfb300772"
    },
    {
      "path": "exports/stl/fdm/coal_tender_chassis_fdm.stl",
      "size_bytes": 1455561,
      "sha256": "fbe69a3765c935d9f70e6b6bbcfdd660a90ef12f4bb2a85ba3abfb72e4985fef"
    },
    {
      "path": "exports/stl/fdm/coal_tender_shell_fdm.stl",
      "size_bytes": 135961,
      "sha256": "eb49ad675048b531e5e618128d8ecdfb28f4bba9a02b95e432332a531662814b"
    },
    {
      "path": "exports/stl/fdm/up80_detail_sprue_fdm.stl",
      "size_bytes": 546491,
      "sha256": "5faf01219fe66a1416c33e8f62b74aa152235882f0c4f1e8885313a4fcca07e1"
    },
    {
      "path": "exports/stl/resin/a_control_chassis_resin.stl",
      "size_bytes": 1610767,
      "sha256": "f8f2f1da6c927a69248be3ad0f25f38eb15aa14a5223dc11f57ea33729ca0391"
    },
    {
      "path": "exports/stl/resin/a_control_shell_resin.stl",
      "size_bytes": 590522,